Planning to purchase a family touring car: Audi A6 3.0 Quattro 2004 Audi A4 2.O T 2005,0
Looking for advice in buying a new car for dad's birthday,0
3 Features to Look for When Buying Your Teen Their First Car,0
Car buying tips,0
Looking to buy a project car,0
Shall I buy the Chevy Malibu?,0
Buying out lease; should I buy an extended warranty?,0
Thinking of buying an 03 ZR2 Tracker. What do y'all think?,0
"Buying a Weekend Car - R8, GT-R, or C63 AMG?",0
buy used car
Recommendations for lowest cost truck,0
Advice on a project Truck,0
Buy a car,0
"Where are the best places to find cars (of any type), online and in person?",0

