,text,label
0,stall put new spark plug,2
1,start know anyone could help ford taurus turn key happens,2
2,idle really rough second,2
3,nissan stuck park,2
4,ford speed column stuck first gear,2
5,start instal amp sub,2
6,battery still drive,2
7,battery dead work,2
8,hesitates start,2
9,crank start compression fuel spark,2
10,idea wrong,2
11,total,2
12,start morning,2
13,start amp install,2
14,pilot start click sound,2
15,help work,2
16,whats cause start,2
17,new key accord start,2
18,ford focus make click noise start,2
19,start issue,2
20,trouble start warm,2
21,turn start despite replace bunch,2
22,unused advice get run,2
23,alternator quit,2
24,trouble start chevrolet spark,2
25,need help wrong stop middle road drive,2
26,stop middle street,2
27,crank start,2
28,impala start window lock work interior light work dash come fine,2
29,chevy sonic stall rough,2
30,transmission move,2
31,suffer breakdown,2
32,slow subsequent place new flash plug,2
33,begin foggiest idea event anybody could help ford taurus turn key occurs,2
34,sits truly harsh kick bucket second,2
35,nissan stuck park,2
36,ford speed segment stuck first gear,2
37,begin subsequent introduce amp sub,2
38,battery kick bucket still drive,2
39,battery dead work,2
40,dither start,2
41,crank however begin pressure fuel yet spark,2
42,clue wrong,2
43,total,2
44,begin morning,2
45,begin amp install,2
46,pilot begin click sound,2
47,help work,2
48,whats cause start,2
49,new key accord begin,2
50,portage focus make click clamor start,2
51,begin issue,2
52,experience difficulty begin warm,2
53,turn however begin spite supplant lot,2
54,unused long time counsel make run,2
55,reason alternator quit,2
56,inconvenience start chevrolet spark,2
57,need assistance cease street drive,2
58,simply cease street,2
59,wrench begin,2
60,impala begin window lock work inside light work dash please fine,2
61,chevy sonic slow unpleasant,2
62,transmission move,2
63,stall would able help,2
64,indeed please reveal number,2
65,number,2
66,alright sir reach closest associate,2
67,sir roadside engineer,2
68,found,2
69,situate someone,2
70,drive motor cease,2
71,foggiest idea,2
72,normal,2
73,need far,2
74,sorry sir come soon help,2
75,quit work,2
76,slow,2
77,begin,2
78,run,2
79,broke help,2
80,yes please tell number,2
81,number,2
82,okay sir contact near assistant,2
83,hello sir roadside engineer,2
84,locate,2
85,locate,2
86,drive engine stop,2
87,know,2
88,expect,2
89,want far,2
90,sorry sir come soon help,2
91,stop work,2
92,stall,2
93,start,2
94,run,2
95,fuel,2
96,gas,2
97,engine overheat stall,2
98,broken,2
99,hello company stop,2
100,need help,2
101,fuel help,2
102,tyre puncture need replace tyre,2
103,call call one pick,2
104,middle road need urgent help,2
105,crowd place trouble,2
106,tow come,2
107,send cat tow contact number,2
108,look like battery,2
109,seem engine start,2
110,look like engine heat,2
111,three smoke come,2
112,away place,2
113,send location,2
114,send assistant replace battery,2
115,met accident,2
116,need tow help,2
117,much cost tow help,2
118,road side assistance insurance,2
119,need pay road side assistance,2
120,call number,2
121,let check somewhere,2
122,family worried night,2
123,get reach home,2
124,lose key,2
125,need key replacement,2
126,organization halt,2
127,need assistance,2
128,fuel finish would able support,2
129,tire puncture need supplant tire,2
130,call consider focus nobody get,2
131,street need press assistance,2
132,packed spot tough situation,2
133,tow come,2
134,send feline tow contact number,2
135,would appear battery,2
136,appear motor turn,2
137,would appear motor warm,2
138,three smoke come,2
139,away place,2
140,send area,2
141,would able send right hand supplant battery,2
142,met mishap,2
143,need tow help,2
144,amount cost tow help,2
145,street side help protection,2
146,pay street side help,2
147,call focus number,2
148,allow check chance place,2
149,family stress night,2
150,get arrive home,2
151,lose key,2
152,need key substitution,2
153,broke way amritsar start take gear put automatic manual mode drive happen stuck ludhiana city holiday hence one staff,2
154,dear loyalty customer brand vista model use personal back beam broken really pathetic quality though steel plant really feel,2
155,break condition free pick tow anywhere country,2
156,broken agra run heat engine mid road purchase auto,2
157,hum contact information chassis number hum hum hui detail team sake,3
158,please give one chance discussion directly increase sale motor india hind sir gupta,3
159,mistake use registration sent claim multi tech motor worker drive hit inside workshop shit big mistake make buying,3
160,pathetic service,3
161,real please best come comfort torque street presence ruggedness bring replace please,3
162,hello sir sad inform motor worth trust purchase hop become good responsible company guy give defect piece executive deny solve matter help,3
163,,3
164,talk dealer complain resolve please close complain thanks,3
165,kindly confirm whether available,3
166,contact,3
167,shawn thank write check presence different region click website,3
168,ultra come comfortable cabin ensures maximum productivity powerful engine lends great power deliver excellent performance extraordinary ultra truly winner,3
169,disappointed know however take concern via instagram respond request check acknowledge,3
170,would really like help kindly elaborate concern also provide contact information dealer detail via relevant team contact assistance,3
171,hello team supposedly deliver fast tag attach image user manual please confirm collect dealer since fast tag thanks,3
172,ensure maximum comfort young school bus come quick cool air conditioning system provide excellent cool dedicate louvre provide seat ensure maximum comfort,3
173,disappointed know experience please share dealer team quickly connect address concern,3
174,great hear share picture video journey would glad see,3
175,great safest indian market love also wait,3
176,welcome rest assure issue resolve soon customer service satisfaction utmost importance always aim deliver best service rest assure resolve concern early,3
177,number breakdown near benz workshop complaint number service engineer yet confirm come attend complaint call,3
178,thank share request highlight concern relevant team rest assure connect soon resolve early,3
179,hello try reach number provide response request provide alternate contact number team contact,3
180,would really like look concern raise please share contact detail amp chassis number via connect help,3
181,surely help please share referral contact model amp dealer information via team connect quicker assistance,3
182,detail,3
183,never want customer experience please elaborate concern also share contact detail via team connect assist,3
184,thank interest sunroof fit accessory variant suggest visit near motor dealership get best guidance per,3
185,check write back amp still reading similar story customer google review access coimbatore action take customer satisfaction something showroom care,3
186,chassis mat dealer gwalior contact,3
187,sincerely apologize inconvenience cause share concern team soon connect assist,3
188,dear sir owner petrol purchase march today show red light near help,3
189,stuck road blue model please help disgust service one pick call,3
190,please allow time get checked team get back soon update,3
191,awesome service saturday remote lock work update motor chennai come home amp fix outstanding commitment,3
192,take trip beautiful city entire family comfort winger,3
193,engine terrain click know,3
194,first make good get rust learn job toyota,3
195,concorde motor mysore road bangalore cheat caught red hand replace old use part billing new pathetic,3
196,,3
197,anything specific assist please explain query detail via would glad help,3
198,get delivery may within week coolant leakage happen cause damage engine replace whole engine unit yesterday leakage happen please something really depressed scar please help,3
199,disappointed know experience please share model contact information chassis number dealer detail via team connect quicker assistance,3
200,hello sir sir need job motor manager marketing sector well year experience automobile marketing sector request sir provide job motor dream job,3
201,management announce thing cannot say openly confirm reply,3
202,would really like look concern raise please share contact detail amp dealer information via connect help,3
203,unethical service new,3
204,would like well understand concern kindly elaborate via would glad help,3
205,par,3
206,motor showroom wife enter saw come back single person ask reach sit look bad experience motor,3
207,dealer name dada motor punjab india,3
208,hey plan book next week yesterday engine noise cabin even owner complain internet clue make worry update insulation,3
209,motor bad service,3
210,suggest visit near motor dealership get best guidance per query locate near dealer please click link,3
211,hum chassis contact number mai,3
212,team try contact provide number however call unanswered request share alternate contact number prefer time call soon get touch assist,3
213,success come way air condition comfort high performance keep motivate take new know click,3
214,concerned know experience want help kindly share contact number chassis number dealer detail via help connect assistance,3
215,assistance query suggest visit near motor dealership locate near dealer please click link,3
216,suggest visit near motor dealership get best buying decision locate near dealer please click link,3
217,thank reach available variant know feature specification kindly visit website,3
218,take concern jain via twitter forward team rest assure resolve soon,3
219,advantage par ace zip gold speed,3
220,really delighted see love really value feedback share relevant team consideration,3
221,sincerely apologize inconvenience cause share concern team soon connect assist,3
222,glad hear honor customer like share picture video drive would happy see,3
223,call many time service wait last hour ask service today take home told take back ramp empty around ramp,3
224,attach late invoice seem like mint money sole aim,3
225,disappointed read tweet premium customer feel like nothing way get treatment still like bring notice service charge around even wash water topped still manager,3
226,would really like look concern raise please share contact detail via connect help,3
227,apologize experience share valuable input relevant team rest assure customer service satisfaction utmost importance,3
228,make factory base,3
229,hum hum,3
230,sadden hear would like help kindly share contact chassis number dealer information via help team connect assistance,3
231,also concern tyre also change dealer condition suggest must take legal action motor dealer,3
232,new day new adventure come,3
233,issue provide complaint number,3
234,settlement settlement nam par,3
235,please allow time get checked team get back soon update,3
236,buying one grey color,3
237,new model outstanding feature like individual comfortable push back multiple charge foot inch roof height extra luggage space,3
238,visit monsoon cloud lake video travelogue mom link,3
239,palace magnetic hill sahib amp monastery itinerary day drive promise full excitement brotherhood,3
240,share extremely pathetic experience,3
241,sunny receive contact number via acknowledge also forward concern team soon get touch assist,3
242,definitely experience want please share contact number dealer information via quickly get touch address concern assist,3
243,sir bought amp day due malfunction disappoint amp unexpected,3
244,hey terrible experience unwanted mumbai advisor estimate high bill amount absolutely fine first paid service ready give benefit unless agree amount annoy,3
245,sir book cancel due automatic version launch wait automatic version power necessary essential feature opponent give,3
246,disappointed hear would really like well understand concern kindly elaborate also share contact information amp chassis number via relevant team contact assistance,3
247,would definitely help kindly share contact information chassis number dealer detail via help relevant team connect assistance,3
248,dear,3
249,visit near motor dealership confusion able assist well locate near dealer please click link,3
250,would really like know wrong kindly elaborate concern also provide model chassis number dealer detail via relevant team contact assistance,3
251,concerned know experience want help kindly share contact number via help connect assistance,3
252,concerned hear problem face would like help please share contact information dealership detail chassis number via relevant team assist soon,3
253,disappointed hear problem face would like help please share contact information dealership detail chassis number via relevant team assist soon,3
254,provide good product fraud reason avoid third class never buy fraud,3
255,would really like look concern raise please share model contact detail amp dealer information via connect help,3
256,get set cover glad work soon thank,3
257,yes charge,3
258,never want customer experience please share contact chassis number dealer information via team connect assist,3
259,shame motor,3
260,read entire thread,3
261,complain hope resolve soon pending many day customer care copy paste send amp nothing solve customer,3
262,bad service point big mistake bought bus convince,3
263,delighted hear pleasant experience keep share thought picture journey,3
264,glad hear concern resolve customer service satisfaction utmost importance always aim deliver best service customer always strive make experience even well,3
265,really disgust mouse enter without really miss old fiat term product quality,3
266,impressive picture keep share picture video journey,3
267,mob,3
268,insurance claim body shop work without personal request prior intimation would take prior intimation personal request continuous follow get week commitment customer care,3
269,,3
270,new model outstanding feature like individual comfortable push back multiple charge foot inch roof height extra luggage space,3
271,pain report bad experience book motor east shift delivery mislead feedback availability delivery registration time motor thru slump,3
272,everything share complaint number month,3
273,receive detail via respond kindly check amp acknowledge,3
274,still test reason behind,3
275,fake letter aware issue duly report,3
276,kid love move around play bus let enjoy every moment spend travel provide collapsible handle behind every seat hold onto case sudden halt,3
277,sadly still synonym trouble trouble,3
278,thank write kindly share contact number dealer detail via well assist,3
279,however include essential software hardware feature safety like electronic stability program lockout prevention driver amp driver,3
280,assistance request get touch surely help,3
281,motor distributor mess ask part available since month even order others ask advance deposit order happen turn third one open suggest,3
282,request kindly submit query,3
283,sorry face would like help please share contact information chassis number dealer detail via help relevant team assist accordingly,3
284,disappointed hear would like help kindly provide chassis number contact information dealer detail via help relevant team connect assistance,3
285,one side say sale drop side dealership say available wait week clue,3
286,sale service poor importance book time,3
287,get refund book cost book recently want know,3
288,planning buy amp heard news discontinue true,3
289,poor quality tyre use motor make response limited,3
290,understand team constant touch respect concern please assure address soon really appreciate patience understand matter,3
291,unjustified behavior feel loot amp cheat reply wait long,3
292,never want customer experience please share contact detail chassis number via team connect assist,3
293,thank bring notice share relevant team consideration let know anything specific assist glad help,3
294,share issue concerned team contact priority,3
295,commitment care mobile number please call complete mine wait talk somebody genuine feel customer associate team solve problem month old,3
296,would definitely get checked kindly share contact information chassis number model dealer detail via help connect assistance,3
297,happy hear best team,3
298,vision sedan concept show geneva showcase future design direction technological news test launch,3
299,,3
300,let know anything else need assistance would happy help,3
301,would really like know wrong please elaborate concern also share contact information model dealer detail via assist,3
302,lodge complaint via mail complaint regard kit work receive service indian indian think false slogan singh,3
303,understand team contact confirm visit workshop per convenience along require assistance feel free connect definitely assist,3
304,explore amp monastery amp itinerary brotherhood day soul drive,3
305,squad embarks adventure click youtube link reminisce soul first international bhutan drive join expedition follow bhutan drive,3
306,motor service service help,3
307,mod ghat short turn circle high maneuverability ultra leta,3
308,receive detail via forward team soon connect assist,3
309,bough april automobile still receipt invoice moreover overcharge showroom price claimed company bad experience,3
310,let know anything assist would happy help,3
311,beware buying serious happen anyone rear wheel come drive new barely month old imagine could happen family toddler travel look,3
312,kindly stay tune website social medium handle find,3
313,work shop karo,3
314,update work still steer work remain till impressed service,3
315,never want customer experience please share contact detail chassis number via team connect assist,3
316,business,3
317,please allow time get checked team get back soon update value cooperation meantime,3
318,one insurance policy two auto agency customer proper response yet please attachment customer policy number,3
319,antony concerned hear would like help please share contact information dealership detail chassis number via relevant team assist soon,3
320,test true power machine,3
321,give motor smell issue dealer coordinate support,3
322,location variant contact,3
323,without request would unable forward concern relevant team assistance please share model chassis number contact information dealer detail via connect help,3
324,thank connect water wad capacity let know anything else need assistance would happy help,3
325,welcome glad concern resolve let know need assistance would glad help,3
326,trust customer extremely important rest assure team resolve friend concern early meanwhile feel free connect back assistance require would happy help,3
327,customer complain motor service related problem return service center start casual approach solve problem say complain karo,3
328,disappointed hear would like help kindly provide chassis number contact information via help relevant team connect assistance,3
329,bought model june month yesterday get call anonymous number state offering sunroof true share detail,3
330,please help,3
331,day drive see soul brotherhood journey sight set magnificent monastery,3
332,,3
333,thank share requisite share relevant team soon contact assistance,3
334,john completely understand concern would like check please share contact detail arrange assist,3
335,high altitude high attitude valley,3
336,someone management team connect want service station get touch like fact day post delivery send service station kind quality check happen,3
337,fanboy congratulate new influence get,3
338,,3
339,bright luminescent stop sign alert driver maintain safe distance school bus reduce chance collision mishap give point time,3
340,,3
341,would like know concern kindly variant location amp contact detail forward concern relevant team,3
342,plan buy ask test drive motor brought test drive bad clutch make noise proper work bad experience drop idea buy,3
343,achieve optimum performance possible rule road conquer milestone top speed know click,3
344,come sunroof per company policy cannot disclose information pertain future product,3
345,garner immense prosperity business ton load capacity know click,3
346,disappointed hear would like help kindly provide contact number help relevant team connect assistance,3
347,thank reach request share contact number via team connect discussion,3
348,sister book motor really bad experience side almost one month time come excuse deliver accessory really bad experience never suggest anyone buy,3
349,yeah totally relate face many issue service center overcharge job treat like spit money,3
350,people please take care love lot hopefully treat,3
351,agree totally brand new stop traffic clutch problem climate control work housing project even bad stick salt seek immediate new,3
352,understand team connect call take concern forward rest assure resolve soon appreciate patience meantime,3
353,welcome rest assure concern resolve soon get back require assistance would glad help,3
354,thank share requisite share relevant team soon contact assistance,3
355,let know specific query take forward,3
356,bad service,3
357,fit need primary secondary,1
358,yes actual model,1
359,late model launch company,1
360,buying lease system work,1
361,make different model market,1
362,mode transmission available,1
363,check legroom headroom boot space,1
364,tell near dealership residence address visit see model available showroom timing contact number,1
365,manufacture last year offer low price compare late manufacture,1
366,crash cause damage unintentionally,1
367,different finance scheme available,1
368,many accident model take place last year,1
369,dealer near home provide sale service list nearby dealership share,1
370,gotta assure good buying,1
371,brake allow make smooth abrupt,1
372,guarantee wont defective,1
373,would like inquire available store highly rat market,1
374,book test drive automatic manual time,1
375,book test drive automatic manual time,1
376,yes look specific color,1
377,service station dealer open saturday since run low saturday sunday becomes best day week get service,1
378,service station dealer open saturday since run low saturday sunday becomes best day week get service,1
379,variant come test drive manual transmission automatic transmission,1
380,day age available shelf good question,1
381,whether entry system safety theft,1
382,could come back even test drive check,1
383,service network like brand,1
384,change make previous model,1
385,would interested know engine power like much engine,1
386,model available sale,1
387,yes enquire availability specific model look,1
388,wheel drive come,1
389,showroom road price corporate discount,1
390,type style coupe sport hybrid,1
391,buying remodel per requirement,1
392,minimum payment option,1
393,want know availability model showroom test drive schedule test drive pickup office residence address,1
394,buy back value,1
395,accept exchange offer,1
396,price range accord variant,1
397,price differential compare different model,1
398,insurance service partnership,1
399,option multi year service contract,1
400,repair due manufacturing problem get back time,1
401,common problem service department,1
402,often require service,1
403,dog sit comfortably,1
404,unique feature model comparison unique feature share,1
405,well depends cause sort stuff may enrage dealer totally personal opinion,1
406,accessory offer purchase,1
407,terrain would permit drive,1
408,case damage face buy pay minimal repair cost,1
409,early timing available test drive,1
410,early timing available test drive,1
411,air conditioning necessary feature,1
412,service station equip handle mechanical electrical paint need stop shop provide solution,1
413,service station equip handle mechanical electrical paint need stop shop provide solution,1
414,want reschedule test drive,1
415,nowadays could buy dealer service dealer per convenience,1
416,insurance zero depreciation type available nowadays manufacturer give free new,1
417,could guide feature,1
418,sale facility available,1
419,model available petrol diesel,1
420,safety technology safety feature,1
421,answer yes question get,1
422,buy back old loyalty discount bring old company company tie dealership finance finance company bank also please check tie bank salary account bank,1
423,would react different specifically indian,1
424,option prepaid multi year insurance,1
425,petrol diesel tie specific petrol pump company,1
426,something discover till week ownership,1
427,year model release,1
428,would like know everything related,1
429,stick shift automatic,1
430,loss would face would suffer damage,1
431,look forward buy want try dealership test drive available specify detail make different others,1
432,test drive multiple model one stretch,1
433,test drive multiple model one stretch,1
434,steer wheel adjustable,1
435,company cover part warranty company boldly highlight part warranty,1
436,company cover part warranty company boldly highlight part warranty,1
437,course price run cost major component fuel consumption two critical factor purchase decision average buyer india middle class person,1
438,yes important factor also feature like brake wheel disc brake enhance,1
439,take premium gas need special maintenance,1
440,many sell till,1
441,control within reach,1
442,yeah would want know mileage,1
443,repair plan future repair initial investment,1
444,option segment model compete weigh feature price band,1
445,financing work credit score play important role,1
446,yes response data available,1
447,four wheel drive,1
448,please arrange distributor near get line thru tell number give,1
449,registration number availability,1
450,suspension good enough rid,1
451,best discount cash discount,1
452,kill run away test,1
453,option year agree,1
454,life accessory fit,1
455,option upgrade two year additional cost,1
456,compare previous model change make model,1
457,closest service center brand,1
458,yeah definitely would like try suitable,1
459,schedule appointment date,1
460,trend market fulfill financial need,1
461,station glass lounge provide complete visibility entire work shop company ensure transparency deal,1
462,station glass lounge provide complete visibility entire work shop company ensure transparency deal,1
463,yes average owner simply mean transport point matter much whether reach say speed thing like power pick speed much consideration question yes feature model important make comparison various make option available base make inform choice question yes safety feature important price differential appear high question insurance mandatory buyer would like idea premium amount another factor would guarantee warranty offer manufacturer various part number free service offer,1
464,yes ask rating engine performance whether engine conforms environment whether spare sale support easily available,1
465,much fuel give free bought,1
466,gauge performance test drive,1
467,would interested buying,1
468,long warranty warranty cover,1
469,feature provide without additional cost,1
470,different model available,1
471,remodel loose warranty free service,1
472,please email price list sheet various variant day sheet show make mind cost variant check feature net visit showroom request test drive festival discount,1
473,average maintenance cost post two year,1
474,option buying outside mumbai,1
475,electric battery charge option,1
476,break condition free pick tow anywhere country,1
477,color variant sell,1
478,mileage city highway drive test mileage share,1
479,many sale make since launch,1
480,would safety instructor test drive,1
481,guarantee give safe,1
482,get complete tour manager respective authority,1
483,get complete tour manager respective authority,1
484,without air conditioning,1
485,many driven test drive company fix norm disclose customer test drive,1
486,many driven test drive company fix norm disclose customer test drive,1
487,okay good question depend pocket,1
488,voice recognition system work,1
489,seat easily adjustable,1
490,comparison model feature price,1
491,yes come latter stage satisfied,1
492,need insured test drive,1
493,age test drive,1
494,old test drive,1
495,happens crash test drive,1
496,test drive alone,1
497,anyone test drive,1
498,happens test drive,1
499,let someone test drive,1
500,need pay test drive,1
501,need drive license test drive,1
502,many test drive,1
503,police catch test drive,1
504,come house pick test drive,1
505,time slot test drive,1
506,get home pick,1
507,get home drop test drive,1
508,many people sit test drive,1
509,bring family test drive,1
510,small child allow test drive,1
511,test drive allow night,1
512,test derive available early morning,1
513,assistance get test drive,1
514,mechanic available test drive,1
515,test drive compulsory need buy,1
516,buy test drive,1
517,need buy test test drive,1
518,drive intend buy test drive,1
519,fitness certificate need test drive,1
520,test drive require,1
521,get demo test drive,1
522,protect test drive,1
523,ought age test drive,1
524,old test drive,1
525,occurs event crash test drive,1
526,would able test drive alone,1
527,would anyone able test drive,1
528,occurs test drive,1
529,would advisable give somebody chance test drive,1
530,pay test drive,1
531,need drive permit test drive,1
532,number kilometer test drive,1
533,police get test drive,1
534,home get test drive,1
535,whenever opening test drive,1
536,true open sunday,1
537,would able return home get,1
538,would able return home drop test drive,1
539,number individual sit test drive,1
540,would able bring family test drive,1
541,little kid permit test drive,1
542,test drive permit night,1
543,test infer accessible early morning,1
544,help get test drive,1
545,technician accessible test drive,1
546,test drive necessary purchase,1
547,imagine scenario purchase test drive,1
548,purchase similar test test drive,1
549,would able drive plan purchase test drive,1
550,authentication require test drive,1
551,test drive require,1
552,get demo test drive,1
553,nissan turn come stop,4
554,shut stop light sign,4
555,bad drive broken oil pressure sensor,4
556,help narrow start issue,4
557,need new wiring harness beat short,4
558,drove flood today,4
559,isolate weird sound mechanic know talk,4
560,battery reading,4
561,time change,4
562,transmission replacement,4
563,tire sidewall split thin long metal show,4
564,camry trouble take turn help would greatly appreciate,4
565,scrap tire replace could still drive little longer force sport,4
566,anyone help identity noise,4
567,cool fan relay grand marquis,4
568,runner idle,4
569,sorry bad know gear like noise never notice happens reverse dodge ram pickup,4
570,nitrogen fill tire,4
571,idea tighten linkage,4
572,anyone know grille use attach figure idea,4
573,ford focus window wont roll,4
574,driver side window roll back,4
575,phantom unlock half lock manually lock second later unlocks stop mechanic available,4
576,test coil pack locate manifold,4
577,error code recently bought use chevy sonic,4
578,leave cargo trailer hitch overnight,4
579,hell kind lock lug shop work anything like need rotate bought mention lock provide found receipt emergency lock lug remover apparently work,4
580,get lug nut without key flat replace,4
581,replace control arm ball oldsmobile,4
582,anyone tell snap drive sudden heard something snap start slide left make drag sound silly double check rust live wonder something else snap thanks,4
583,mix red blue coolant bad,4
584,paint repair,4
585,squeal belt solve replace alternator belt,4
586,rear pad fully sweep disc,4
587,think problem know information give third usually accord sedan,4
588,tire recommendation fiat pop,4
589,need advice new engine break period outback,4
590,anyone know remove water inside headlight happen,4
591,left rear signal light turn,4
592,sign die battery,4
593,engine swap new engine,4
594,anyone know grill delete liberty make,4
595,buick century wagon die uphill,4
596,would fix worn plastic corvette,4
597,optimum weird noise last second start within sound like come passenger suggest might tire issue look second opinion,4
598,best way fix rust leaky pipe,4
599,button driver door work say lock button work door,4
600,grand cherokee sputter shuts back engine light light electric work idea wrong,4
601,get new accent replace front passenger line,4
602,replace radiator hose engine side look little pock marked anything worry,4
603,need change rotor,4
604,get urine seat,4
605,key stuck ignition knob attach hyundai sonata,4
606,reason stutter accelerate happens,4
607,audi engine cut power,4
608,radio display back cam idea,4
609,try multiple adapter fail charge intermittently accessory may support iphone,4
610,anyone help diagnose noise,4
611,replace compressor,4
612,increase ride comfort without dramatically reduce handle discussion,4
613,interest overheat problem,4
614,smoke come engine coolant full,4
615,tin noise,4
616,mix old gas oil oil recycle,4
617,slight shake drive turn,4
618,cause sound turn,4
619,suburban start right back,4
620,power steer issue runner pump something else,4
621,red battery light come dash whenever brake,4
622,possible computer issue,4
623,boost pressure bounce get temperature,4
624,someone part make model mine part get,4
625,please help idea battery related,4
626,hyundai clunk sound,4
627,replace fuel sender unit error code return,4
628,type engine oil decent peugeot even,4
629,someone post link driver side panel green amp fusible link connects corolla model best way test volt regulator besides,4
630,transmission problem,4
631,replace,4
632,mile need repair safe drive worth maintenance sell,4
633,pontiac get issue,4
634,electrical issue,4
635,would try put brake rotor pay auto shop,4
636,hearing weird noise past sound like rod oil level fine occurs cold start toyota inline,4
637,transmission issue,4
638,way cool engine compartment,4
639,oil pan replacement,4
640,notice exhaust system part would need get would easy fix fancy spending yet,4
641,hyundai noise problem,4
642,ram troubleshoot,4
643,good afternoon question replace shift solenoid,4
644,oil change mile,4
645,reason put upgraded clutch almost stock,4
646,local want replace door chevy equinox dent,4
647,hyundai cylinder throttle cut,4
648,restore hood new paint necessary thanks,4
649,power steer,4
650,need help diagnose problem,4
651,trouble valve cover gasket replacement,4
652,subaru slow leak subaru service replace tire mile take look found assume bent nail reason plug thanks,4
653,something keep reverberate resonance engine upon shock impact bump crack road,4
654,tech confirm people say want oil change feel necessary blow rod,4
655,nissan clutch issue,4
656,hit pole much would repair cost,4
657,best rust long salty,4
658,get nissan fell glove compartment trunk open idea fix,4
659,weird battery problem solve,4
660,something today cause oil leak puddle try figure could source damage info comment,4
661,broken strut,4
662,accord warranty system fail keep flash along lane departure warn also show video light along traction control happen last winter lock happen without brake lockup,4
663,accord crankshaft position bad oil consumption,4
664,violently shift park use day,4
665,ford focus bad repair usually,4
666,hey guy really need help identify pipe broke last night ran low ground boulder idea sure could fix locate bottom passenger side radiator oldsmobile,4
667,find replacement screw hold map sensor ford escape,4
668,golf door,4
669,get loud bit loud like recommendation make quieter,4
670,clear coat spray,4
671,need help diagnose possible electrical issue fluctuate ever slightly briefly uphill dodge neon automatic,4
672,low neutral,4
673,find information regard share,4
674,bubble safe drive,4
675,find way find new breather hose,4
676,squeak sound stop press brake,4
677,scammed fake dent repair guy parking lot option damage,4
678,manual transmission issue,4
679,pump gas pedal start,4
680,chevy cavalier power steer issue,4
681,make weird guess could possibly pontiac vibe,4
682,customer complain rear axle noise crown rear rotor separation rust thru axle tube near backing plate surface rust due afternoon,4
683,gas line destroyed,4
684,chevrolet scottsdale grind make sharp right turn sound like come front passenger side would cause,4
685,anyone tell cap found unattached anything stuck line engine mustang,4
686,common alternator issue camry,4
687,nissan scissor jack tool lug remover,4
688,low transmission fluid worry,4
689,case anyone need know thrown rod sound like,4
690,recently bought use company one matrix sticker back window best way remove,4
691,spark plug indicate burning oil,4
692,jeep grand cherokee laredo update dad put warn generator issue something else,4
693,key ignition look like little tooth block,4
694,shop say caliper jacked work fine,4
695,lot white smoke exhaust,4
696,white smoke come accelerate floor,4
697,possible computer software issue,4
698,brake sound like sandpaper second,4
699,lock hydraulic hood support,4
700,serpentine belt rant,4
701,civic crank start unless press gas peddle replace camshaft position sensor,4
702,front hood would open take body shop yesterday remove symbol front grill access latch remove latch morning tire pressure light temperature gauge yellow engine light,4
703,coat steer wheel degrade even feel sticky touch think mostly due oily heat anything could stop even restore,4
704,water ingres fox,4
705,squeak,4
706,anyone give advice repair bumper damage photo much repair would cost need replace,4
707,easily remove badge emblem,4
708,anyone please tell second light right,4
709,make noise,4
710,ran sure badly damage,4
711,ignition coil issue,4
712,side step clutch clapped old ford,4
713,anybody know get oil pump brat,4
714,door ajar intermittently show,4
715,keep reset,4
716,volkswagen turn randomly say mean turn,4
717,oil change help,4
718,ford explorer radio play use auxiliary cord,4
719,timing belt replacement along seat belt buckle,4
720,dashboard dead today dodge grand caravan,4
721,wheel squeal,4
722,chrysler blowing air passenger vent,4
723,camry squeal accessory belt area,4
724,get away resurface rotor,4
725,wheel bolt santa auto part store say correct size find actual part need try call hyundai directly service department avail bolt never change,4
726,idea would cause damage camshaft engine detail comment,4
727,ford ranger clutch hard push suddenly fix,4
728,crankshaft position sensor hyundai santa sport,4
729,suzuki start make try start attempt video,4
730,door actuator malfunction,4
731,radiator leak,4
732,someone rear end sure handle sure driver insurance,4
733,punishment muffler delete california,4
734,jeep grand cherokee laredo check engine light blinking,4
735,smoke come drive fine bmw,4
736,switch synthetic oil conventional high mileage oil,4
737,camry oil,4
738,type adhesive use apply replacement tech wheel cover cadillac,4
739,best budget,4
740,early make clatter clang noise first gear,4
741,weak air flow driver side dashboard air vent,4
742,anyone ever found someone actual flush machine,4
743,walk outside last night key key fob also could unlock idea,4
744,anything use tow high engine torque,4
745,rotational thump low smooth left stump,4
746,repair general information,4
747,inner front tire wear aggressively,4
748,howdy grandpa fiat fancy look icon show drive good idea info handbook circle red key turn come,4
749,motion idea vibration,4
750,help warn,4
751,many time need flush radiator,4
752,anyone idea could cause generator belt snap time last,4
753,drain gas,4
754,brake pad question,4
755,check engine light come pilot light turn couple start stay know,4
756,need help automatic civic sedan parking brake issue,4
757,buick lacrosse issue,4
758,regal starter locate end positive cable,4
759,could clog catalytic converter cause misfire,4
760,still run loud post accident repair,4
761,hit bump coolant leak hose water come radiator hose collapse,4
762,scrap noise accelerate,4
763,help understand problem check engine light come back,4
764,oil pan leak highlander dealer want fix much would cost party mechanic,4
765,buick century trouble,4
766,use friend use torque wrench tighten water pump bolt outback see aluminum block thread,4
767,nope oil read transmission fluid,4
768,found ice cream motor seem old,4
769,hey bought day ago wonder whats best solution fix paint damage window frame guess remove completely best way repaint thanks,4
770,romeo suddenly lose power seem fine,4
771,woke day ago see like ran wash try alcohol idea,4
772,order get bag bag receive,4
773,temp gauge complete center warm new thing,4
774,steer rack knock safe drive,4
775,pontiac grand sensor extra plug,4
776,mechanic mess,4
777,temperature spike high drop back regular temp mean,4
778,steer heavy,4
779,steer wheel make soft pop sharp turn,4
780,need tip massive chunk take front piece,4
781,stuck,4
782,steer wheel brand new make noise even replacement,4
783,cost efficient way get lincoln key fob duplicate,4
784,hyundai problem starter motor battery,4
785,break help change pad rotor,4
786,idea wrong,4
787,drive well circulation,4
788,much transmission fluid flush cost,4
789,help make creak sound turn wheel,4
790,noise come suspension tire driver side straight accentuate wheel turn left varies seem could wheel bearing,4
791,element sometimes steer wheel would shake crazy idle,4
792,corolla always seem pull despite get align,4
793,remove corrode back light switch chevy hatchback,4
794,repairable,4
795,toyota corona back,4
796,best way store battery solar,4
797,civic muffler fell,4
798,clutch fail,4
799,oil change audi,4
800,burning oil,4
801,window driver side work,4
802,taurus weird sound come,4
803,low,4
804,replace rotor,4
805,jeep cylinder replace one fitting leak stop,4
806,fixable damage like,4
807,toyota camry dash meter flicker,4
808,drain plug bad orange thing around,4
809,get away cheap,4
810,grand caravan radio upgrade,4
811,still drive crooked,4
812,windshield washer fluid reservoir contamination,4
813,warn light,4
814,random squeal noise,4
815,hearing strange related transmission fluid,4
816,radiator work much,4
817,need help identify coolant leak please,4
818,tire leak connect air hose,4
819,ruin paint,4
820,advice remove seize axle steer knuckle,4
821,see front radiator,4
822,fan thing stock,4
823,sign clutch damage specifically rid,4
824,bad alternator kill battery,4
825,pontiac radio fuse problem,4
826,fuel issue,4
827,help wrong,4
828,change differential fluid,4
829,oil change,4
830,anyone know fit chevy classic,4
831,must always set charge bmw,4
832,find leak safe use home,4
833,suburban gush power steer fluid,4
834,fix element edition,4
835,tire safe drive,4
836,civic non head gasket replace idle,4
837,mile fail water oil foul spark overheat left offer screw,4
838,water pump gasket dead,4
839,worried tire,4
840,wash fluid window cleaner,4
841,saw instagram anyone use well work,4
842,roughly much repair automatic,4
843,ford focus compressor issue,4
844,break pad,4
845,stay toyota tacoma road anything reset turn,4
846,replace stock rim,4
847,bolt cutter replace belt,4
848,strange roar noise drive warm period cold start,4
849,tire bad,4
850,cold,4
851,bubbling noise,4
852,possible replace regulator window mount camry,4
853,accidentally put antifreeze radiator instead drive minute shop,4
854,volvo,4
855,one tire damage need replace replace detail inside,4
856,steer wheel become nearly impossible turn light come minute later,4
857,damage look bad fix picture tomorrow see guy think,4
858,bad grind rear,4
859,luggage compartment door stay close help toyota camry need confirmation good replacement piece also much would mechanic charge change thanks anyone take time answer like damsel distress,4
860,inch let know thanks,4
861,bad scratch fix paint pen need work estimate cost vertical stripe reflection horizontal one spot,4
862,much cost repair ford max,4
863,anyone else interested best way recondition battery,4
864,rub noise hot weather,4
865,much would cost repair,4
866,hill descent light hyundai santa,4
867,inexperienced need help change,4
868,problem,4
869,dodge caliber,4
870,lotus twin,4
871,guy dent repair say need couple pay couple extra,4
872,conversion,4
873,paint peel pretty bad wash without make bad use stop continue peel,4
874,oil home advice,4
875,transport,4
876,notice pipe know anything hang idea could help greatly appreciate,4
877,seek advice coolant leak ford flex,4
878,air tire overheat,4
879,civic problem,4
880,lot caffeine stop laugh friend say,4
881,need know transfer title,4
882,code prius,4
883,toyota cabin air,4
884,try accelerate tachometer shoot engine accelerate,4
885,thing leak bad enough replace legacy,4
886,mom figure probably time brake pad change almost year,4
887,thing need wonder pay mechanic,4
888,pontiac starter issue,4
889,nissan kill air conditioning,4
890,anyone idea noise may clutch say sometimes around help,4
891,turn cabin filter include service year mile old,4
892,leak worry,4
893,air deflector thing get exact part broke mine want fix properly come front low bumper thanks,4
894,fact little triangle point direction problem,4
895,body shop claim total need advice keep run info inside post,4
896,screw reserve cap back broke like way fix,4
897,remove tire rim hand,4
898,graph mean oil use base rough average outside temperature,4
899,scratch dent,4
900,bought new stereo wire way different hook,4
901,use able pair phone get way fix,4
902,try replace axle end dump half transmission fluid ground put back top fluid,4
903,change oil,4
904,engine transmission interest fix hard shift particularly hard engagement,4
905,tapped wall reverse admire woman passing fix touch paint clear coat,4
906,squeak noise come rear passenger side civic hybrid consistent rhythmic engine surge gear steady low throttle make crack noise front passenger side gear change pull really easily cause easy fix drop something fuel,4
907,battery keep die overnight,4
908,pull starter put accord,4
909,chevrolet traverse oxygen sensor bank sensor,4
910,anyone know land rover discovery locate,4
911,need help identify sound manual,4
912,challenger warp heat flex seal,4
913,would fit good choice winter tire audi currently use season,4
914,windshield chipped crack,4
915,even budge radio bolt,4
916,need front glass window door chevy tracker front driver,4
917,oil engine burnt,4
918,license plate issue still intricate art,4
919,camry gas leak top engine fuel rail injector start,4
920,check engine light come oil change,4
921,front vent work,4
922,stupidly add coolant,4
923,dealer oil change ask need replace tire sure need replace right,4
924,make faint drum noise say forty mile per hour steer wheel turn like hit curve road highway away start straight,4
925,diesel engine,4
926,chevy suburban light,4
927,best way fix loose dash vent clip toyota camry,4
928,stupid brother force turn steer wheel engine,4
929,issue boost,4
930,anyone explain replace rubber ford fiesta,4
931,idea make sound,4
932,third brake light side,4
933,fix low gear reverse neutral high shaky civic auto,4
934,stereo troubleshoot,4
935,fixable piece water pump mount,4
936,need help figure wrong,4
937,get cheap wheel,4
938,steer wheel grease,4
939,one last question oil,4
940,planning brake,4
941,look buying mustang strip mean difficult replacement,4
942,mustang want shift gear,4
943,nissan takeoff squeal noise,4
944,question hole bottom air filter connect anything carburetor pretty new stuff want cause issue already thanks,4
945,oil leak engine,4
946,add lead light tesla model,4
947,engine coolant level low,4
948,help clutch bleeding bubble,4
949,change transmission filter insight,4
950,sure piece call half,4
951,civic sedan mile problem seem skid lightly vibrate encounter medium light bump road,4
952,really deep clean inside leather,4
953,open jammed door deer impact,4
954,suggestion fix paint blemish,4
955,jeep grand cherokee warn dad light constantly cause issue also,4
956,good use,4
957,jeep grand cherokee recognize shut door cut power driver passenger side door,4
958,nissan make squeak noise motion time,4
959,loud metallic snap driver side brake accelerate reverse,4
960,civic overheat still,4
961,replace fuse saturn ion,4
962,wire suppose hook,4
963,question whose engine auto shut light,4
964,hey bought wonder whats best spray roll bed liner step take put thank,4
965,strange rumble noise,4
966,huge thud whenever driveway sound like come back kind hard hear super loud,4
967,subaru forester light,4
968,help stubborn engine light code small leak forte,4
969,coil plug ignition ohm measurement,4
970,ford focus clutch relay fuse blow soon turn,4
971,nissan frontier crew cab,4
972,electrical issue,4
973,cavalier rear brake,4
974,anyone know replace mirror corolla look like cover mirror inside,4
975,yukon tick noise,4
976,automatic keep stall start sometimes drive,4
977,worth change brake pad,4
978,dodge transmission dodge,4
979,need change oil accord drove mile,4
980,loud grind noise axle replacement,4
981,sonata rear window problem help,4
982,help civic start,4
983,chevy express rough figure,4
984,hit deer sensible way repair,4
985,know something thing need help,4
986,help severe grind brake reverse,4
987,bad rust,4
988,weird noise blower motor take look found filter damage,4
989,shake around,4
990,break new engine quickly rebuild,4
991,remove,4
992,find issue mechanic trust,4
993,anything side wall sure deep,4
994,could something engine cause hole animal hood close hole left battery,4
995,fix need new paint clear coat clay something,4
996,toyota never see own thought originally oil starvation think foreign debris bearing cap equally bad,4
997,help civic make odd grind noise,4
998,could use hyundai replacement side mirror replace broken side mirror,4
999,toyota tundra brake bleeding,4
1000,look short duration power source door open,4
1001,check brake flash thing hang,4
1002,probably common diagnose brake light issue,4
1003,need buy new buckle case,4
1004,civic overheats drive slow idle cool drive fast,4
1005,anybody know part get cargo hook chevy traverse,4
1006,pump gas engine,4
1007,electronics work,4
1008,need replace master window switch hyundai left one switch found replacement online right auto matter make difference,4
1009,severe grind noise reverse brake,4
1010,cleaning use cleaning rag clean make plastic try use water regular rag away anyone know get rid blue make back normal,4
1011,sound like air brake minute charge,4
1012,sorry wrong place know else ask button right middle dial fan speed manual anymore golf find online also notice difference push,4
1013,reverse,4
1014,fit preventative,4
1015,head unit issue,4
1016,change valve cover look cover,4
1017,camry code,4
1018,announce write,4
1019,way remove without hose clamp,4
1020,engage first time,4
1021,windshield wiper stop squeak,4
1022,help sound happens start,4
1023,ripped tire sidewall hit curb need replace fit,4
1024,anyone know cause source sound happens whenever start drive civic thanks advance everyone,4
1025,anyone idea warn mean keep pop find thing online,4
1026,cold move,4
1027,meme make anti ford weapon,4
1028,chinese quad starter engage key turn position,4
1029,replace driver side seat belt buckle sound reasonable much,4
1030,ram transmission,4
1031,steer wheel make weird noise turn right could wrong safe drive like,4
1032,could take electrical motor battery prius put buggy,4
1033,newbie,4
1034,alternative repaint rust,4
1035,best first fun reliable budget cad,4
1036,ford explorer sport knock,4
1037,noise occur maximum steer angle,4
1038,lose coolant,4
1039,ford edge electrical issue,4
1040,subaru remove dash disconnect wire speed sensor neutral switch work starter solenoid code show engine light flash,4
1041,nissan suspension fail issue canada,4
1042,someone tell part call corvette,4
1043,manual sioux city,4
1044,best auto shop,4
1045,ever tire shop say tire pressure low inflate,4
1046,corolla shift transmission toast,4
1047,bad wheel bearing lead axle,4
1048,accord startup noise,4
1049,use power auto tint mirror dash cam,4
1050,whine noise track,4
1051,hit wheel stud drum break,4
1052,right wheel shake,4
1053,please help identify alarm like sound come engine video,4
1054,toyota low rattle rumble away take foot brake start move,4
1055,found oil metal spring thing hard black price something,4
1056,inch gash circular dent suggestion make noticeable,4
1057,recommendation use know affordable high,4
1058,need input use bluetooth adapter play music phone charge port carry audio,4
1059,anybody race deck tip keep floor pop pull,4
1060,sure right take tag idea volvo,4
1061,chain belt,4
1062,water collect door,4
1063,trigger lamp malfunction,4
1064,help fill bmw side run dash light stop work bulb,4
1065,shopping nissan look,4
1066,high pitch whine engine bay,4
1067,question custom exhaust idea,4
1068,disturb clutch transmission noise input something else,4
1069,road trip oil change,4
1070,chrysler cruiser randomly jerk happen,4
1071,check engine audi,4
1072,whine squeak front wheel make turn left right,4
1073,single outlet muffler dual outlet muffler help,4
1074,system code come ranger,4
1075,weird issue starter neutral safety switch,4
1076,sound like problem ignition lock cylinder,4
1077,need help put dash back together,4
1078,someone stole side mirror glass destroyed wire thanks,4
1079,runner check engine,4
1080,anybody help identify transmission would come,4
1081,guy think could repair need new windshield,4
1082,really need speaker crazy loud whit radio,4
1083,toyota corolla shorn sometimes work,4
1084,key chain part broke idea fix key set,4
1085,break pedal suddenly super hard press,4
1086,part number miss back bumper,4
1087,fan maybe come back,4
1088,think get bad gas,4
1089,die battery extremely low idle,4
1090,reinstall valve body underneath,4
1091,fluid wheel tire leak brake fluid runner,4
1092,lazy,4
1093,weird rattle away second hyundai genesis coupe,4
1094,record strange noise,4
1095,question change tire,4
1096,like know would recommend change brake rotor,4
1097,shell oil question,4
1098,weird noise inside,4
1099,start couple found spark time new plug large issue cylinder like assume throughout bmw engine,4
1100,center console make loud noise,4
1101,engine mount oil,4
1102,radio randomly start,4
1103,new beetle hatch open emergency lever,4
1104,hyundai accent clutch noise,4
1105,strange noise inside,4
1106,oil reset overheat,4
1107,saturn start fine fuel,4
1108,make louder without increase much power,4
1109,idle try turn normal,4
1110,rear bumper fell,4
1111,best rotary engine,4
1112,get picture step dad wonder could tell interior belong,4
1113,look good set wheel mercedes wagon,4
1114,clean battery terminal subaru forester start differently shudder,4
1115,garage reuse inspection sticker,4
1116,flat tire today inspect puncture hole could cause flat would result flat tire,4
1117,whistle sound push gas pedal toyota tacoma,4
1118,one bad problem happen,4
1119,saturn aura stereo work,4
1120,could squeak clutch throw bearing happens clutch press,4
1121,help tire pressure drop reason,4
1122,help trailblazer sensor broke change head gasket bolt,4
1123,best way fix rust,4
1124,nissan micra battery problem,4
1125,dad first,4
1126,transmission fluid,4
1127,die blower resistor,4
1128,good time headlight question prius,4
1129,accidentally put premium grade fuel,4
1130,bad happen fall,4
1131,would recommend spray inside rusty back door fill hole,4
1132,engine question,4
1133,gas cap also safest way clean grime,4
1134,botch alignment entitle tire reimbursement,4
1135,dent settle,4
1136,idea could cause slowly leak week happen chance get look,4
1137,recently put new battery mine die rev loudly normal,4
1138,cause rust buildup burst pipe cool system,4
1139,non vacuum hose replacement,4
1140,temperature jeep instrument cluster water temp dummy light turn,4
1141,drive bad sensor,4
1142,smog legal exhaust mod california,4
1143,drove overheat minute junkyard kind damage think occur,4
1144,fuse shin red light mean circuit still short could cause lexus,4
1145,replace headlight bulb headlight still work,4
1146,could bad charcoal filter cause intermittent check engine light,4
1147,someone please tell rub noise start week get new brake sure start drive insane,4
1148,randomly shuts turn low speed,4
1149,chevy equinox audio,4
1150,subaru forester air pump,4
1151,crack steer knuckle clean tighten tie rod castle nut safe drive mile street shop grand,4
1152,whole keyed way fix repaint whole thing,4
1153,guy prefer dual tip exhaust quad exhaust look,4
1154,nissan brake noise,4
1155,idle issue knock issue weird rev issue see end video mini countryman,4
1156,need help remove dash stuck part,4
1157,sorry wrong sub saw earlier,4
1158,speed wobble nissan,4
1159,guess normal also fail charger battery test via volt regulator right get test result,4
1160,subaru legacy fill every gas station,4
1161,else need know crate motor,4
1162,normal rear pad rotor replacement maximum,4
1163,get shot beauty change throttle anyone guess platform,4
1164,bumped today office parking cost fix,4
1165,cadillac start problem,4
1166,oil filter trip,4
1167,suffer manufacturing defect please take back exchange maintain great quality good relation extreme reputation market customer motor know,4
1168,suspension,4
1169,look,0
1170,decide use mustang mileage year,0
1171,look sporty around,0
1172,buy new buy new,0
1173,reliable get,0
1174,look type family canada,0
1175,look daily commuter area,0
1176,look sport blue black red mile,0
1177,need recommendation first,0
1178,even know want anymore many need boost goodness let chat fun,0
1179,start search manual hatchback knowledge information know consider,0
1180,buying business,0
1181,purchasing business,0
1182,kind luxury suggest,0
1183,lifelong owner look possibly try something new best,0
1184,small fun drive,0
1185,buy,0
1186,purchase,0
1187,look cheap,0
1188,need family short commute maybe audi,0
1189,narrow option decent size travel orient,0
1190,need,0
1191,best tuner,0
1192,need extremely safe technologically advanced,0
1193,back seat row,0
1194,look tow least midwest,0
1195,second fuel efficient,0
1196,look semi sport semi luxury look reliable,0
1197,look fast low mile automatic,0
1198,research month feel overwhelmed start search begin point right direction,0
1199,need solid throw mile year,0
1200,family cad,0
1201,look sport sedan around,0
1202,way adjustable headrest,0
1203,advice purchasing hyundai sonata,0
1204,good gas mileage reasonably fixable max,0
1205,corolla sport rental,0
1206,purchase new,0
1207,bmw series mile,0
1208,cheapest model year mile one buy,0
1209,best get around chicago,0
1210,reliable,0
1211,budget cad fun sedan get,0
1212,budget interest daily driver,0
1213,good first,0
1214,wheel drive front wheel drive reverse,0
1215,look around,0
1216,bmw edition,0
1217,wife want narrow,0
1218,look new family,0
1219,need help choose semi rural area,0
1220,look crossover around need last two,0
1221,look first buy,0
1222,family,0
1223,want fun reliable,0
1224,get first however know absolutely nothing look advice,0
1225,look first,0
1226,look fit,0
1227,buying first,0
1228,high school student look sporty first budget,0
1229,accord major,0
1230,look range,0
1231,first,0
1232,need help find manual first,0
1233,need suggestion new relatively new target come college,0
1234,good first,0
1235,mile toyota mile,0
1236,college student look buy,0
1237,best cheap performance,0
1238,best sedan buy,0
1239,best sedan purchase,0
1240,buy second weekend trade fun daily,0
1241,purchase second weekend trade fun daily,0
1242,start look around need help figure fit need test drive,0
1243,look new daily commuter good snow,0
1244,reliable hold value tall frugal person,0
1245,manual fun drive daily driver,0
1246,soon college graduate budget,0
1247,reliable around,0
1248,advice first,0
1249,look daily driver,0
1250,buy,0
1251,purchase,0
1252,sport,0
1253,look comfortable use,0
1254,look good value canada,0
1255,college student full time worker look fun reliable good gas mileage good sound system,0
1256,mitsubishi cad good buy,0
1257,look reliable,0
1258,look fun,0
1259,first hopefully,0
1260,first buy,0
1261,first purchase,0
1262,look fun weekend,0
1263,wife sport luxury crossover range new use,0
1264,look buy small pickup,0
1265,hello look buy new think cruiser jeep wrangler reliable good long term daily driver model take living desert area really important,0
1266,seek something reliable,0
1267,buy,0
1268,purchase,0
1269,much need,0
1270,small lady buy lady want fast efficient,0
1271,hyundai limited edition,0
1272,look reliable use crossover,0
1273,price place,0
1274,reliable fun around,0
1275,idea look,0
1276,decide buy,0
1277,whats good low budget family,0
1278,look somewhat small medium size easy drive reliable space back large dog,0
1279,need work school last least year,0
1280,buy girlfriend runner,0
1281,reliable fun sporty good gas mileage,0
1282,college student buying drive home campus budget advice,0
1283,sport performance sedan hatch,0
1284,look family would fit adult child comfortably currently drive hyundai sonata sport would like find something mile reliable room child handle new england weather,0
1285,buying first,0
1286,buying first,0
1287,decent luxury reliable,0
1288,fun adult manual transmission option,0
1289,look high elevation rockies,0
1290,look preferably mid size,0
1291,use tow,0
1292,ready buy last year,0
1293,get buy living brooklyn,0
1294,try figure get first,0
1295,buying first something roomy,0
1296,determine best deal use corolla,0
1297,look mid size sedan warranty reliable,0
1298,move europe new england need help unfamiliar market,0
1299,optimum good condition,0
1300,new use range,0
1301,look fast crossover,0
1302,look compact mid size family budget,0
1303,buying first sure pick base budget,0
1304,look,0
1305,need advice buying hertz,0
1306,first consider ford crown,0
1307,look sportier room drive,0
1308,project best tune ability semi reliable easy maintain able fit bike rack budget,0
1309,shopping fun,0
1310,look great manual daily driver houston area,0
1311,buy tow boat,0
1312,purchase tow boat,0
1313,good option decent power decent mileage,0
1314,need daily driver,0
1315,actually utility usage,0
1316,seek daily sedan monthly lease budget,0
1317,look mid full size sedan detail post,0
1318,look buy luxury think bmw,0
1319,get new job want new small hatchback sedan budget,0
1320,luxury sedan around cad upgrade,0
1321,small mid get,0
1322,luxury sporty,0
1323,budget know anything,0
1324,good daily,0
1325,guy think suzuki swift sport first,0
1326,look reliable first build mod best year civic accord thanks,0
1327,look good gas reliable easy repair around around canadian willing,0
1328,insurance use sport,0
1329,look sport good first commute college student,0
1330,look something sporty fast budget look advice,0
1331,look possibly buying chevrolet tahoe hybrid never see road anymore,0
1332,look new commuter,0
1333,look something sporty reliable low maintenance cost,0
1334,look tow stay around,0
1335,fun sporty daily driver,0
1336,need help look,0
1337,think buying buick encore,0
1338,look daily driver audi volkswagen bmw opel manual,0
1339,good cheap buy new college student,0
1340,look good,0
1341,chevy tundra pro,0
1342,cheap fast non daily manual,0
1343,look mix sport new,0
1344,look new daily,0
1345,look next midwest winter mobile,0
1346,get drive licence get,0
1347,market new need advice someone dad,0
1348,look pop crackle factory,0
1349,guidance next purchase sporty,0
1350,look buy find automatic,0
1351,get toyota corolla civic hyundai sport manual transmission,0
1352,sporty fun drive daily driver,0
1353,best place find type online person,0
1354,might get use soon first february medium red cover bed get tip ask look buying,0
1355,fit need primary secondary,0
1356,yes actual model,0
1357,late model launch company,0
1358,service warranty,0
1359,buying lease system work,0
1360,make different model market,0
1361,mode transmission available,0
1362,color available,0
1363,manufacture last year offer low price compare late manufacture,0
1364,manual automatic,0
1365,compare segment,0
1366,different finance scheme available,0
1367,smart,0
1368,system work,0
1369,mileage,0
1370,many accident model take place last year,0
1371,change make previous model,0
1372,would interested know engine power like much engine,0
1373,available,0
1374,model available sale,0
1375,fuel efficiency,0
1376,power,0
1377,wheel drive come,0
1378,wheel drive come,0
1379,showroom road price corporate discount,0
1380,stage standard,0
1381,type style coupe sport hybrid,0
1382,buying remodel per requirement,0
1383,minimum payment option,0
1384,accept exchange offer,0
1385,price range accord variant,0
1386,price differential compare different model,0
1387,insurance service partnership,0
1388,option multi year service contract,0
1389,option electric,0
1390,price,0
1391,often require service,0
1392,dog sit comfortably,0
1393,unique feature model comparison unique feature share,0
1394,accessory offer purchase,0
1395,could guide feature,0
1396,value pattern,0
1397,safety measure,0
1398,petrol hybrid,0
1399,buy back old loyalty discount bring old company company tie dealership finance finance company bank also please check tie bank salary account bank,0
1400,delivery date,0
1401,far available,0
1402,specification engine,0
1403,yes,0
1404,service network,0
1405,would react different specifically indian,0
1406,option prepaid multi year insurance,0
1407,petrol diesel tie specific petrol pump company,0
1408,resale value,0
1409,something discover till week ownership,0
1410,year model release,0
1411,safety feature,0
1412,get,0
1413,amenity come,0
1414,sale facility available,0
1415,model available petrol diesel,0
1416,safety technology safety feature,0
1417,would like know everything related,0
1418,stick shift automatic,0
1419,yes important factor also feature like brake wheel disc brake enhance,0
1420,take premium gas need special maintenance,0
1421,many sell till,0
1422,course price run cost major component fuel consumption two critical factor purchase decision average buyer india middle class person,0
1423,control within reach,0
1424,interior upgraded,0
1425,average service,0
1426,yeah would want know mileage,0
1427,engine power,0
1428,ground clearance,0
1429,repair plan future repair initial investment,0
1430,option segment model compete weigh feature price band,0
1431,available,0
1432,financing work credit score play important role,0
1433,yes response data available,0
1434,four wheel drive,0
1435,option year agree,0
1436,life accessory fit,0
1437,option upgrade two year additional cost,0
1438,compare previous model change make model,0
1439,warranty like,0
1440,enough storage,0
1441,much fuel give free bought,0
1442,customer feedback,0
1443,gauge performance test drive,0
1444,would interested buying,0
1445,fog,0
1446,long warranty warranty cover,0
1447,feature provide without additional cost,0
1448,different model available,0
1449,late technology,0
1450,remodel loose warranty free service,0
1451,cruise control,0
1452,please email price list sheet various variant day sheet show make mind cost variant check feature net visit showroom request test drive festival discount,0
1453,color option,0
1454,accessible service,0
1455,system inbuilt,0
1456,average maintenance cost post two year,0
1457,max speed,0
1458,option buying outside mumbai,0
1459,electric battery charge option,0
1460,sale volume,0
1461,many people,0
1462,color variant sell,0
1463,choose,0
1464,mileage city highway drive test mileage share,0
1465,many sale make since launch,0
1466,voice recognition system work,0
1467,safety feature,0
1468,seat easily adjustable,0
1469,height roof,0
1470,comparison model feature price,0
1471,disk break,0
1472,would like information purchasing new,0
1473,would like information buying new,0
1474,would like information purchasing new,0
1475,would like information buying new,0
1476,would like information purchasing new,0
1477,would like information buying new,0
1478,would like information purchasing new,0
1479,would like information buying new,0
1480,would like information purchasing new,0
1481,reconnect dealership,0
1482,reconnect dealership,0
1483,reconnect dealership,0
1484,reconnect dealership,0
1485,reconnect dealership,0
1486,reconnect dealership,0
1487,reconnect dealership,0
1488,reconnect dealership,0
1489,reconnect dealership,0
1490,reconnect dealership,0
